recorded_at_utc,release,asset,downloads
"2026-10-05T23:03Z","v1.5.0","latest.json",4
"2026-10-05T23:03Z","v1.5.0","rpgsaveeditor_1.5.0_x64-setup.exe",77
"2026-10-05T23:03Z","v1.5.0","rpgsaveeditor_1.5.0_x64-setup.exe.sig",3
"2026-10-05T23:03Z","v1.4.0","latest.json",2
"2026-10-05T23:03Z","v1.4.0","rpgsaveeditor_1.4.0_x64-setup.exe",20
"2026-10-05T23:03Z","v1.4.0","rpgsaveeditor_1.4.0_x64-setup.exe.sig",1
"2026-10-05T23:03Z","v1.3.0","latest.json",4
"2026-10-05T23:03Z","v1.3.0","rpgsaveeditor_1.3.0_x64-setup.exe",4
"2026-10-05T23:03Z","v1.3.0","rpgsaveeditor_1.3.0_x64-setup.exe.sig",2
"2026-10-05T23:03Z","v1.2.0","latest.json",403
"2026-10-05T23:03Z","v1.2.0","rpgsaveeditor_1.2.0_x64-setup.exe",8233
"2026-10-05T23:03Z","v1.2.0","rpgsaveeditor_1.2.0_x64-setup.exe.sig",286
"2026-10-05T23:03Z","v1.1.0","rpgsaveeditor.exe",2025
"2026-10-05T23:03Z","v1.1.0","rpgsaveeditor_1.1.0_x64-setup.exe",775
"2026-10-05T23:03Z","1.0.0","rpgsaveeditor.exe",12887
"2026-10-05T23:03Z","1.0.0","rpgsaveeditor_1.0.0_x64-setup.exe",4309
"2026-10-06T21:26Z","v1.5.0","latest.json",5
"2026-10-06T21:26Z","v1.5.0","rpgsaveeditor_1.5.0_x64-setup.exe",102
"2026-10-06T21:26Z","v1.5.0","rpgsaveeditor_1.5.0_x64-setup.exe.sig",4
"2026-10-06T21:26Z","v1.4.0","latest.json",2
"2026-10-06T21:26Z","v1.4.0","rpgsaveeditor_1.4.0_x64-setup.exe",20
"2026-10-06T21:26Z","v1.4.0","rpgsaveeditor_1.4.0_x64-setup.exe.sig",1
"2026-10-06T21:26Z","v1.3.0","latest.json",4
"2026-10-06T21:26Z","v1.3.0","rpgsaveeditor_1.3.0_x64-setup.exe",4
"2026-10-06T21:26Z","v1.3.0","rpgsaveeditor_1.3.0_x64-setup.exe.sig",2
"2026-10-06T21:26Z","v1.2.0","latest.json",403
"2026-10-06T21:26Z","v1.2.0","rpgsaveeditor_1.2.0_x64-setup.exe",8233
"2026-10-06T21:26Z","v1.2.0","rpgsaveeditor_1.2.0_x64-setup.exe.sig",286
"2026-10-06T21:26Z","v1.1.0","rpgsaveeditor.exe",2025
"2026-10-06T21:26Z","v1.1.0","rpgsaveeditor_1.1.0_x64-setup.exe",775
"2026-10-06T21:26Z","1.0.0","rpgsaveeditor.exe",12887
"2026-10-06T21:26Z","1.0.0","rpgsaveeditor_1.0.0_x64-setup.exe",4309
